index,date_time,open,high,low,close,buyer,seller,value,delta_type
0,2023-06-01 09:45:00,162.9,162.9,162.9,162.9,0,0,33380,equals
1,2023-06-01 10:00:00,162.85,163.47,162.81,163.01,342350,753770,1096120,buyer
2,2023-06-01 10:15:00,163.02,163.2,162.5,163.2,177790,704310,882100,buyer
3,2023-06-01 10:30:00,163.2,163.42,163.0,163.23,200160,426340,626500,buyer
4,2023-06-01 10:45:00,163.24,163.28,162.8,162.99,114390,258130,372520,buyer
5,2023-06-01 11:00:00,162.99,163.04,162.71,162.84,123870,288710,412580,buyer
6,2023-06-01 11:15:00,162.84,162.93,162.6,162.85,111940,425210,537150,buyer
7,2023-06-01 11:30:00,162.88,163.23,162.77,163.06,127810,214270,342080,buyer
8,2023-06-01 11:45:00,163.06,163.2,162.88,163.0,308150,223610,531760,seller
9,2023-06-01 12:00:00,162.98,163.06,162.36,162.44,123860,409840,533700,buyer
10,2023-06-01 12:15:00,162.42,162.84,162.3,162.65,182350,371030,553380,buyer
11,2023-06-01 12:30:00,162.63,162.87,162.37,162.42,229500,272160,501660,buyer
12,2023-06-01 12:45:00,162.42,162.62,162.32,162.34,170240,123940,294180,seller
13,2023-06-01 13:00:00,162.33,162.36,162.01,162.3,232770,298620,531390,buyer
14,2023-06-01 13:15:00,162.3,162.37,162.05,162.3,137160,394550,531710,buyer
15,2023-06-01 13:30:00,162.29,162.49,162.15,162.36,130470,548780,679250,buyer
16,2023-06-01 13:45:00,162.35,162.42,162.1,162.2,156210,285310,441520,buyer
17,2023-06-01 14:00:00,162.2,162.26,162.18,162.21,101580,103770,205350,buyer
18,2023-06-01 14:15:00,162.2,162.53,162.2,162.41,147950,309040,456990,buyer
19,2023-06-01 14:30:00,162.42,162.5,162.4,162.5,121010,263570,384580,buyer
20,2023-06-01 14:45:00,162.5,162.5,162.1,162.16,328050,206180,534230,seller
21,2023-06-01 15:00:00,162.16,163.07,162.08,162.35,127730,726020,853750,buyer
22,2023-06-01 15:15:00,162.34,162.44,162.03,162.09,161310,148910,310220,seller
23,2023-06-01 15:30:00,162.1,162.23,162.0,162.02,207380,206280,413660,seller
24,2023-06-01 15:45:00,162.02,162.27,162.0,162.2,209000,242280,451280,buyer
25,2023-06-01 16:00:00,162.18,162.2,161.8,162.12,296210,366950,663160,buyer
26,2023-06-01 16:15:00,162.11,162.14,161.83,161.9,73590,145350,218940,buyer
27,2023-06-01 16:30:00,161.89,162.0,161.8,161.96,106970,136440,243410,buyer
28,2023-06-01 16:45:00,161.95,162.0,161.6,161.68,118510,213640,332150,buyer
29,2023-06-01 17:00:00,161.66,162.07,161.5,161.88,194220,394040,588260,buyer
30,2023-06-01 17:15:00,161.88,162.29,161.8,162.08,56590,331250,387840,buyer
31,2023-06-01 17:30:00,162.08,162.24,161.86,162.24,43560,162280,205840,buyer
32,2023-06-01 17:45:00,162.23,162.29,161.93,162.02,68850,134280,203130,buyer
33,2023-06-01 18:00:00,162.02,162.1,161.95,162.01,42150,61570,103720,buyer
34,2023-06-01 18:15:00,162.02,162.12,162.0,162.06,38400,83970,122370,buyer
35,2023-06-01 18:30:00,162.06,162.07,161.9,161.9,67750,103470,171220,buyer
36,2023-06-01 18:45:00,162.2,162.2,162.2,162.2,0,284960,284960,buyer
37,2023-06-01 19:00:00,162.0,162.28,162.0,162.13,44640,49910,94550,buyer
38,2023-06-01 19:15:00,162.13,162.27,162.1,162.1,41820,79190,121010,buyer
39,2023-06-01 19:30:00,162.1,162.13,162.1,162.1,135650,43950,179600,seller
40,2023-06-01 19:45:00,162.1,162.15,162.0,162.01,77290,47980,125270,seller
41,2023-06-01 20:00:00,162.0,162.12,161.91,162.09,80090,88910,169000,buyer
42,2023-06-01 20:15:00,162.09,162.12,161.98,162.0,23610,61020,84630,buyer
43,2023-06-01 20:30:00,162.0,162.05,161.8,161.85,69220,80220,149440,buyer
44,2023-06-01 20:45:00,161.85,161.9,161.7,161.88,82500,122580,205080,buyer
45,2023-06-01 21:00:00,161.89,161.93,161.8,161.89,27550,41500,69050,buyer
46,2023-06-01 21:15:00,161.89,162.0,161.84,161.92,30050,89780,119830,buyer
47,2023-06-01 21:30:00,161.96,161.96,161.65,161.75,42430,114640,157070,buyer
48,2023-06-01 21:45:00,161.75,161.76,161.62,161.65,45430,65710,111140,buyer
49,2023-06-01 22:00:00,161.68,161.84,161.6,161.74,64000,117390,181390,buyer
50,2023-06-01 22:15:00,161.74,161.77,161.65,161.7,47990,30740,78730,seller
51,2023-06-01 22:30:00,161.7,161.85,161.65,161.84,26680,57770,84450,buyer
52,2023-06-01 22:45:00,161.83,161.84,161.6,161.61,101600,78840,180440,seller
53,2023-06-01 23:00:00,161.6,161.63,161.6,161.61,64310,75970,140280,buyer
54,2023-06-01 23:15:00,161.61,161.62,161.6,161.6,105160,54650,159810,seller
55,2023-06-01 23:30:00,161.6,161.61,161.55,161.6,75290,105700,180990,buyer
56,2023-06-01 23:45:00,161.6,161.6,161.54,161.55,47300,44210,91510,seller
57,2023-06-02 09:45:00,161.01,161.01,161.01,161.01,95960,0,95960,seller
58,2023-06-02 10:00:00,161.1,162.19,161.1,161.81,234100,838720,1072820,buyer
59,2023-06-02 10:15:00,161.86,161.95,161.52,161.62,278960,373470,652430,buyer
60,2023-06-02 10:30:00,161.61,161.84,161.61,161.8,112880,227380,340260,buyer
61,2023-06-02 10:45:00,161.77,161.78,161.6,161.67,121830,143340,265170,buyer
62,2023-06-02 11:00:00,161.67,161.7,161.55,161.69,88550,176230,264780,buyer
63,2023-06-02 11:15:00,161.7,161.96,161.68,161.94,85570,293020,378590,buyer
64,2023-06-02 11:30:00,161.95,162.63,161.83,162.07,218950,964210,1183160,buyer
65,2023-06-02 11:45:00,161.95,162.45,161.87,162.29,112600,327170,439770,buyer
66,2023-06-02 12:00:00,162.28,162.47,162.17,162.34,60580,223370,283950,buyer
67,2023-06-02 12:15:00,162.34,162.38,162.17,162.34,78200,323990,402190,buyer
68,2023-06-02 12:30:00,162.34,162.39,161.9,162.15,61980,242050,304030,buyer
69,2023-06-02 12:45:00,162.13,162.24,161.81,161.96,88910,255590,344500,buyer
70,2023-06-02 13:00:00,161.91,162.34,161.91,162.33,67100,251660,318760,buyer
71,2023-06-02 13:15:00,162.34,162.5,162.15,162.4,80450,419610,500060,buyer
72,2023-06-02 13:30:00,162.4,162.55,162.39,162.5,121520,307940,429460,buyer
73,2023-06-02 13:45:00,162.5,162.74,162.47,162.7,116490,294540,411030,buyer
74,2023-06-02 14:00:00,162.7,162.74,162.45,162.56,141410,222710,364120,buyer
75,2023-06-02 14:15:00,162.57,162.63,162.2,162.27,84110,135470,219580,buyer
76,2023-06-02 14:30:00,162.31,162.5,162.2,162.48,38340,105630,143970,buyer
77,2023-06-02 14:45:00,162.42,162.53,162.33,162.53,32870,107160,140030,buyer
78,2023-06-02 15:00:00,162.53,162.73,162.39,162.48,69330,357240,426570,buyer
79,2023-06-02 15:15:00,162.49,162.71,162.42,162.5,57390,177290,234680,buyer
80,2023-06-02 15:30:00,162.5,162.66,162.43,162.6,56030,123010,179040,buyer
81,2023-06-02 15:45:00,162.6,162.6,162.45,162.58,45250,327880,373130,buyer
82,2023-06-02 16:00:00,162.58,162.69,162.56,162.6,40880,138960,179840,buyer
83,2023-06-02 16:15:00,162.62,162.95,162.6,162.94,84990,436800,521790,buyer
84,2023-06-02 16:30:00,162.94,163.4,162.93,163.35,264060,1396790,1660850,buyer
85,2023-06-02 16:45:00,163.34,163.37,163.03,163.14,200580,345810,546390,buyer
86,2023-06-02 17:00:00,163.14,163.15,162.92,162.93,170980,98820,269800,seller
87,2023-06-02 17:15:00,162.92,163.04,162.92,163.03,46460,120040,166500,buyer
88,2023-06-02 17:30:00,163.03,163.04,162.92,162.96,61140,143890,205030,buyer
89,2023-06-02 17:45:00,162.96,163.0,162.89,162.99,53890,136580,190470,buyer
90,2023-06-02 18:00:00,163.0,163.26,162.95,163.18,96920,380390,477310,buyer
91,2023-06-02 18:15:00,163.15,163.23,163.07,163.16,44410,114270,158680,buyer
92,2023-06-02 18:30:00,163.16,163.22,162.91,162.97,123820,279470,403290,buyer
93,2023-06-02 18:45:00,163.21,163.21,163.21,163.21,0,222160,222160,buyer
94,2023-06-02 19:00:00,163.21,163.21,162.82,162.89,31940,109830,141770,buyer
95,2023-06-02 19:15:00,162.89,162.94,162.65,162.82,35300,136620,171920,buyer
96,2023-06-02 19:30:00,162.82,162.82,162.68,162.71,37450,24780,62230,seller
97,2023-06-02 19:45:00,162.71,162.9,162.71,162.77,22970,64100,87070,buyer
98,2023-06-02 20:00:00,162.76,162.85,162.71,162.79,18950,62060,81010,buyer
99,2023-06-02 20:15:00,162.79,163.0,162.63,162.69,39120,143730,182850,buyer
100,2023-06-02 20:30:00,162.64,162.69,162.6,162.6,85300,45940,131240,seller
101,2023-06-02 20:45:00,162.6,162.63,162.25,162.33,138090,143750,281840,buyer
102,2023-06-02 21:00:00,162.35,162.56,162.3,162.5,49330,59340,108670,buyer
103,2023-06-02 21:15:00,162.54,162.55,162.43,162.48,24220,23750,47970,seller
104,2023-06-02 21:30:00,162.47,162.49,162.43,162.43,15340,15400,30740,buyer
105,2023-06-02 21:45:00,162.44,162.48,162.42,162.48,22750,20720,43470,seller
106,2023-06-02 22:00:00,162.45,162.61,162.43,162.61,22340,67670,90010,buyer
107,2023-06-02 22:15:00,162.61,162.74,162.54,162.64,32650,70340,102990,buyer
108,2023-06-02 22:30:00,162.64,162.67,162.6,162.67,46700,28330,75030,seller
109,2023-06-02 22:45:00,162.67,162.67,162.6,162.64,34920,38820,73740,buyer
110,2023-06-02 23:00:00,162.6,162.64,162.5,162.55,44640,26830,71470,seller
111,2023-06-02 23:15:00,162.58,162.65,162.53,162.63,38620,49810,88430,buyer
112,2023-06-02 23:30:00,162.63,162.67,162.54,162.67,55040,99630,154670,buyer
113,2023-06-02 23:45:00,162.62,162.7,162.57,162.58,5460,40440,45900,buyer
114,2023-06-05 09:45:00,162.58,162.58,162.58,162.58,66720,0,66720,seller
115,2023-06-05 10:00:00,162.58,163.27,162.56,162.59,307270,729700,1036970,buyer
116,2023-06-05 10:15:00,162.59,162.6,162.12,162.48,179950,626730,806680,buyer
117,2023-06-05 10:30:00,162.44,162.5,162.34,162.43,246840,252950,499790,buyer
118,2023-06-05 10:45:00,162.4,162.51,162.34,162.48,94880,305930,400810,buyer
119,2023-06-05 11:00:00,162.48,162.96,162.44,162.96,55250,394060,449310,buyer
120,2023-06-05 11:15:00,162.95,163.25,162.92,163.03,147110,396480,543590,buyer
121,2023-06-05 11:30:00,163.03,164.6,162.96,164.17,615980,3186410,3802390,buyer
122,2023-06-05 11:45:00,164.18,164.5,164.15,164.44,351090,1215210,1566300,buyer
123,2023-06-05 12:00:00,164.39,164.44,163.9,164.05,152220,623890,776110,buyer
124,2023-06-05 12:15:00,164.06,164.07,163.78,163.99,129200,277000,406200,buyer
125,2023-06-05 12:30:00,163.99,164.39,163.89,164.21,123840,704920,828760,buyer
126,2023-06-05 12:45:00,164.21,164.25,164.0,164.19,116680,433420,550100,buyer
127,2023-06-05 13:00:00,164.19,164.2,164.0,164.2,118950,387720,506670,buyer
128,2023-06-05 13:15:00,164.2,164.45,164.03,164.1,203680,715640,919320,buyer
129,2023-06-05 13:30:00,164.09,164.4,163.87,164.4,64050,298250,362300,buyer
130,2023-06-05 13:45:00,164.39,164.45,164.11,164.38,126530,490450,616980,buyer
131,2023-06-05 14:00:00,164.37,164.4,164.02,164.07,71380,256350,327730,buyer
132,2023-06-05 14:15:00,164.06,164.27,163.22,163.38,222830,524300,747130,buyer
133,2023-06-05 14:30:00,163.35,163.97,163.3,163.53,126880,353100,479980,buyer
134,2023-06-05 14:45:00,163.5,163.52,162.62,163.16,258830,1042130,1300960,buyer
135,2023-06-05 15:00:00,163.16,163.23,161.79,162.39,1668440,2111900,3780340,buyer
136,2023-06-05 15:15:00,162.38,162.93,162.12,162.64,125430,572760,698190,buyer
137,2023-06-05 15:30:00,162.6,163.0,162.05,162.71,134420,503330,637750,buyer
138,2023-06-05 15:45:00,162.71,163.48,162.66,163.26,129420,549210,678630,buyer
139,2023-06-05 16:00:00,163.27,163.46,162.96,163.22,91840,340700,432540,buyer
140,2023-06-05 16:15:00,163.2,163.29,162.9,162.93,59010,149180,208190,buyer
141,2023-06-05 16:30:00,162.94,163.04,162.51,162.67,76650,273630,350280,buyer
142,2023-06-05 16:45:00,162.66,162.97,162.52,162.86,164300,155610,319910,seller
143,2023-06-05 17:00:00,162.85,163.14,162.85,163.08,34830,176320,211150,buyer
144,2023-06-05 17:15:00,163.06,163.08,162.86,162.9,33790,64360,98150,buyer
145,2023-06-05 17:30:00,162.9,163.0,162.56,162.69,122600,156540,279140,buyer
146,2023-06-05 17:45:00,162.66,162.86,162.55,162.58,48710,173240,221950,buyer
147,2023-06-05 18:00:00,162.57,162.6,162.05,162.13,240680,385840,626520,buyer
148,2023-06-05 18:15:00,162.13,162.39,162.01,162.39,74170,427270,501440,buyer
149,2023-06-05 18:30:00,162.36,162.42,162.21,162.29,70060,92380,162440,buyer
150,2023-06-05 18:45:00,162.7,162.7,162.7,162.7,0,177320,177320,buyer
151,2023-06-05 19:00:00,162.67,162.67,162.16,162.2,72800,98070,170870,buyer
152,2023-06-05 19:15:00,162.2,162.85,162.2,162.56,27920,155500,183420,buyer
153,2023-06-05 19:30:00,162.57,162.6,162.31,162.48,21900,116210,138110,buyer
154,2023-06-05 19:45:00,162.4,162.52,162.35,162.49,35900,54650,90550,buyer
155,2023-06-05 20:00:00,162.48,162.58,162.48,162.57,9000,10610,19610,buyer
156,2023-06-05 20:15:00,162.57,162.57,162.43,162.48,56710,21530,78240,seller
157,2023-06-05 20:30:00,162.46,162.48,162.12,162.13,52550,40730,93280,seller
158,2023-06-05 20:45:00,162.14,162.24,162.0,162.13,62730,183600,246330,buyer
159,2023-06-05 21:00:00,162.09,162.13,161.6,162.1,418250,588960,1007210,buyer
160,2023-06-05 21:15:00,162.06,162.32,161.93,162.05,43650,165750,209400,buyer
161,2023-06-05 21:30:00,162.05,162.3,162.03,162.18,40870,96420,137290,buyer
162,2023-06-05 21:45:00,162.13,162.48,162.12,162.48,36700,88720,125420,buyer
163,2023-06-05 22:00:00,162.47,162.6,162.25,162.43,34060,101000,135060,buyer
164,2023-06-05 22:15:00,162.43,162.43,162.22,162.23,31870,39760,71630,buyer
165,2023-06-05 22:30:00,162.22,162.28,162.16,162.2,41550,51460,93010,buyer
166,2023-06-05 22:45:00,162.23,162.28,162.11,162.16,40400,50370,90770,buyer
167,2023-06-05 23:00:00,162.16,162.26,162.04,162.17,25120,62820,87940,buyer
168,2023-06-05 23:15:00,162.17,162.2,162.08,162.2,19910,55120,75030,buyer
169,2023-06-05 23:30:00,162.2,162.35,162.15,162.35,25180,68180,93360,buyer
170,2023-06-05 23:45:00,162.32,162.5,162.32,162.47,11590,70040,81630,buyer
171,2023-06-06 09:45:00,162.0,162.0,162.0,162.0,38710,0,38710,seller
172,2023-06-06 10:00:00,162.15,162.78,161.69,161.99,396950,1444880,1841830,buyer
173,2023-06-06 10:15:00,161.98,162.4,161.72,162.08,263680,1276740,1540420,buyer
174,2023-06-06 10:30:00,162.12,162.48,161.81,161.97,206790,714110,920900,buyer
175,2023-06-06 10:45:00,161.98,163.41,161.87,162.89,146700,1382350,1529050,buyer
176,2023-06-06 11:00:00,162.87,163.24,162.63,162.9,119530,520280,639810,buyer
177,2023-06-06 11:15:00,162.9,163.3,162.88,162.95,175210,413940,589150,buyer
178,2023-06-06 11:30:00,162.95,163.24,162.95,163.21,143180,545810,688990,buyer
179,2023-06-06 11:45:00,163.2,163.85,163.15,163.41,187240,766340,953580,buyer
180,2023-06-06 12:00:00,163.39,163.4,162.51,162.89,169680,606850,776530,buyer
181,2023-06-06 12:15:00,162.84,163.13,162.3,162.89,166150,501460,667610,buyer
182,2023-06-06 12:30:00,162.83,163.48,162.7,162.98,62300,390530,452830,buyer
183,2023-06-06 12:45:00,162.98,163.0,162.82,162.95,106460,81200,187660,seller
184,2023-06-06 13:00:00,162.92,162.95,162.52,162.57,151690,138820,290510,seller
185,2023-06-06 13:15:00,162.53,162.78,162.41,162.65,87670,206520,294190,buyer
186,2023-06-06 13:30:00,162.66,162.85,162.52,162.56,59890,65550,125440,buyer
187,2023-06-06 13:45:00,162.55,162.6,162.41,162.49,50360,137550,187910,buyer
188,2023-06-06 14:00:00,162.5,162.64,162.3,162.58,94040,229340,323380,buyer
189,2023-06-06 14:15:00,162.59,162.63,162.4,162.47,32020,69810,101830,buyer
190,2023-06-06 14:30:00,162.48,162.98,162.44,162.84,48830,212440,261270,buyer
191,2023-06-06 14:45:00,162.84,163.25,162.84,163.03,90740,315820,406560,buyer
192,2023-06-06 15:00:00,163.02,163.17,163.0,163.05,53030,97310,150340,buyer
193,2023-06-06 15:15:00,163.02,163.12,163.0,163.07,126270,69610,195880,seller
194,2023-06-06 15:30:00,163.04,163.2,163.04,163.19,28960,121470,150430,buyer
195,2023-06-06 15:45:00,163.18,163.3,163.06,163.12,67290,232380,299670,buyer
196,2023-06-06 16:00:00,163.13,163.17,162.74,162.97,107680,251140,358820,buyer
197,2023-06-06 16:15:00,162.97,162.98,162.57,162.61,73530,195580,269110,buyer
198,2023-06-06 16:30:00,162.61,163.16,162.6,163.09,50230,209690,259920,buyer
199,2023-06-06 16:45:00,163.09,163.4,163.08,163.21,41840,245070,286910,buyer
200,2023-06-06 17:00:00,163.19,163.43,162.97,163.36,60690,184570,245260,buyer
201,2023-06-06 17:15:00,163.33,163.41,163.08,163.13,103650,153660,257310,buyer
202,2023-06-06 17:30:00,163.13,163.14,162.92,163.08,33090,175470,208560,buyer
203,2023-06-06 17:45:00,163.09,163.13,162.83,162.9,86060,193380,279440,buyer
204,2023-06-06 18:00:00,162.9,163.21,162.87,162.94,60590,220390,280980,buyer
205,2023-06-06 18:15:00,162.94,163.05,162.88,163.05,38660,64970,103630,buyer
206,2023-06-06 18:30:00,163.05,163.19,163.0,163.13,39410,64160,103570,buyer
207,2023-06-06 18:45:00,162.57,162.57,162.57,162.57,306240,0,306240,seller
208,2023-06-06 19:00:00,162.74,163.09,162.66,163.08,33650,150990,184640,buyer
209,2023-06-06 19:15:00,163.08,163.14,163.0,163.14,40780,130620,171400,buyer
210,2023-06-06 19:30:00,163.14,163.27,163.0,163.19,28490,127890,156380,buyer
211,2023-06-06 19:45:00,163.2,163.2,163.01,163.01,65700,83540,149240,buyer
212,2023-06-06 20:00:00,163.0,163.24,163.0,163.22,30640,83890,114530,buyer
213,2023-06-06 20:15:00,163.23,163.25,163.12,163.13,37250,42180,79430,buyer
214,2023-06-06 20:30:00,163.13,163.16,163.1,163.11,12640,13860,26500,buyer
215,2023-06-06 20:45:00,163.1,163.12,163.02,163.02,24700,24400,49100,seller
216,2023-06-06 21:00:00,163.03,163.03,162.8,162.86,32450,97010,129460,buyer
217,2023-06-06 21:15:00,162.86,163.0,162.83,163.0,9310,19690,29000,buyer
218,2023-06-06 21:30:00,162.99,162.99,162.8,162.95,25950,58480,84430,buyer
219,2023-06-06 21:45:00,162.95,163.01,162.9,162.94,9710,48040,57750,buyer
220,2023-06-06 22:00:00,162.97,163.17,162.93,163.17,11590,46650,58240,buyer
221,2023-06-06 22:15:00,163.17,163.17,162.91,163.0,18870,60870,79740,buyer
222,2023-06-06 22:30:00,163.0,163.08,162.99,163.06,8350,18690,27040,buyer
223,2023-06-06 22:45:00,163.04,163.11,163.03,163.05,15520,38880,54400,buyer
224,2023-06-06 23:00:00,163.09,163.19,163.05,163.13,11180,64740,75920,buyer
225,2023-06-06 23:15:00,163.11,163.17,163.04,163.11,18940,22940,41880,buyer
226,2023-06-06 23:30:00,163.11,163.14,163.07,163.11,41130,33670,74800,seller
227,2023-06-06 23:45:00,163.11,163.22,163.1,163.16,9540,69230,78770,buyer
228,2023-06-07 09:45:00,163.2,163.2,163.2,163.2,0,9710,9710,buyer
229,2023-06-07 10:00:00,163.24,163.5,162.9,162.99,149120,559680,708800,buyer
230,2023-06-07 10:15:00,162.96,163.28,162.67,163.27,84310,320220,404530,buyer
231,2023-06-07 10:30:00,163.2,163.44,163.16,163.4,82070,283400,365470,buyer
232,2023-06-07 10:45:00,163.39,164.28,163.36,164.17,241870,2118310,2360180,buyer
233,2023-06-07 11:00:00,164.16,165.3,164.15,165.28,625650,3549140,4174790,buyer
234,2023-06-07 11:15:00,165.22,165.78,165.15,165.28,405570,2085660,2491230,buyer
235,2023-06-07 11:30:00,165.29,165.47,164.6,165.28,300290,1116340,1416630,buyer
236,2023-06-07 11:45:00,165.26,165.3,164.53,164.9,207140,811520,1018660,buyer
237,2023-06-07 12:00:00,164.9,165.28,164.85,165.02,155380,675840,831220,buyer
238,2023-06-07 12:15:00,165.0,165.03,164.71,164.87,213750,279920,493670,buyer
239,2023-06-07 12:30:00,164.87,165.15,164.85,165.08,111520,419070,530590,buyer
240,2023-06-07 12:45:00,165.09,165.25,164.93,165.06,113690,486500,600190,buyer
241,2023-06-07 13:00:00,165.05,165.3,165.05,165.29,78170,379770,457940,buyer
242,2023-06-07 13:15:00,165.25,165.43,165.06,165.34,124000,975000,1099000,buyer
243,2023-06-07 13:30:00,165.32,165.86,165.27,165.68,191810,1354750,1546560,buyer
244,2023-06-07 13:45:00,165.68,165.87,165.56,165.6,258270,623370,881640,buyer
245,2023-06-07 14:00:00,165.59,165.7,165.07,165.07,203470,860910,1064380,buyer
246,2023-06-07 14:15:00,165.07,165.61,164.9,165.25,210490,633010,843500,buyer
247,2023-06-07 14:30:00,165.2,165.25,165.0,165.1,173940,343080,517020,buyer
248,2023-06-07 14:45:00,165.1,165.15,165.05,165.15,60550,266050,326600,buyer
249,2023-06-07 15:00:00,165.15,165.5,165.14,165.4,42970,312720,355690,buyer
250,2023-06-07 15:15:00,165.4,165.59,165.27,165.54,58830,339800,398630,buyer
251,2023-06-07 15:30:00,165.53,165.64,165.46,165.5,86510,198110,284620,buyer
252,2023-06-07 15:45:00,165.53,165.62,165.46,165.57,100530,241100,341630,buyer
253,2023-06-07 16:00:00,165.57,165.57,165.1,165.5,85020,564260,649280,buyer
254,2023-06-07 16:15:00,165.5,165.75,165.48,165.75,79580,393600,473180,buyer
255,2023-06-07 16:30:00,165.75,165.8,165.56,165.7,246260,602120,848380,buyer
256,2023-06-07 16:45:00,165.69,165.7,165.26,165.38,179050,280170,459220,buyer
257,2023-06-07 17:00:00,165.37,165.4,164.66,164.74,455520,755350,1210870,buyer
258,2023-06-07 17:15:00,164.65,164.84,164.37,164.79,243450,662750,906200,buyer
259,2023-06-07 17:30:00,164.78,164.8,164.0,164.09,175580,592740,768320,buyer
260,2023-06-07 17:45:00,164.08,164.55,163.83,164.44,116150,656120,772270,buyer
261,2023-06-07 18:00:00,164.44,164.6,164.0,164.51,130520,379320,509840,buyer
262,2023-06-07 18:15:00,164.52,164.67,164.5,164.65,77120,173030,250150,buyer
263,2023-06-07 18:30:00,164.65,164.77,164.65,164.71,51800,91700,143500,buyer
264,2023-06-07 18:45:00,164.42,164.42,164.42,164.42,195770,0,195770,seller
265,2023-06-07 19:00:00,164.45,164.68,164.16,164.54,61990,209850,271840,buyer
266,2023-06-07 19:15:00,164.56,164.56,164.38,164.46,36190,47130,83320,buyer
267,2023-06-07 19:30:00,164.52,164.75,164.38,164.73,19140,111370,130510,buyer
268,2023-06-07 19:45:00,164.74,164.75,164.57,164.75,19180,81150,100330,buyer
269,2023-06-07 20:00:00,164.74,164.75,164.68,164.68,45690,42800,88490,seller
270,2023-06-07 20:15:00,164.69,164.77,164.59,164.64,11700,47450,59150,buyer
271,2023-06-07 20:30:00,164.6,164.65,164.51,164.6,13240,33850,47090,buyer
272,2023-06-07 20:45:00,164.65,164.65,164.5,164.55,20130,24180,44310,buyer
273,2023-06-07 21:00:00,164.55,164.59,164.5,164.52,14670,22510,37180,buyer
274,2023-06-07 21:15:00,164.52,164.6,164.5,164.6,73280,41080,114360,seller
275,2023-06-07 21:30:00,164.59,164.7,164.58,164.69,6960,32680,39640,buyer
276,2023-06-07 21:45:00,164.69,164.77,164.65,164.73,16510,54790,71300,buyer
277,2023-06-07 22:00:00,164.75,164.9,164.67,164.67,34510,107760,142270,buyer
278,2023-06-07 22:15:00,164.66,164.71,164.52,164.65,54600,51920,106520,seller
279,2023-06-07 22:30:00,164.65,164.7,164.53,164.66,17120,43210,60330,buyer
280,2023-06-07 22:45:00,164.63,164.7,164.62,164.69,23910,30840,54750,buyer
281,2023-06-07 23:00:00,164.69,164.69,164.62,164.68,8990,17790,26780,buyer
282,2023-06-07 23:15:00,164.68,164.81,164.63,164.76,22500,54830,77330,buyer
283,2023-06-07 23:30:00,164.76,164.8,164.65,164.69,32330,47950,80280,buyer
284,2023-06-07 23:45:00,164.68,164.75,164.62,164.75,11610,62940,74550,buyer
285,2023-06-08 09:45:00,164.65,164.65,164.65,164.65,39610,0,39610,seller
286,2023-06-08 10:00:00,164.4,165.3,164.14,165.0,231450,1189010,1420460,buyer
287,2023-06-08 10:15:00,164.95,165.2,164.42,165.17,186070,769570,955640,buyer
288,2023-06-08 10:30:00,165.15,165.7,164.87,165.14,183280,510700,693980,buyer
289,2023-06-08 10:45:00,165.07,165.5,165.04,165.08,146330,316880,463210,buyer
290,2023-06-08 11:00:00,165.07,165.32,164.59,165.23,126290,527900,654190,buyer
291,2023-06-08 11:15:00,165.23,165.4,165.08,165.4,51350,143940,195290,buyer
292,2023-06-08 11:30:00,165.39,165.45,165.16,165.28,69320,319030,388350,buyer
293,2023-06-08 11:45:00,165.3,165.4,165.03,165.4,73740,228090,301830,buyer
294,2023-06-08 12:00:00,165.4,165.8,165.38,165.69,126890,821590,948480,buyer
295,2023-06-08 12:15:00,165.69,166.29,165.69,165.99,275360,1669410,1944770,buyer
296,2023-06-08 12:30:00,165.98,166.21,165.77,166.15,182640,617330,799970,buyer
297,2023-06-08 12:45:00,166.15,166.35,166.0,166.31,143110,796290,939400,buyer
298,2023-06-08 13:00:00,166.22,166.41,166.22,166.31,143720,540030,683750,buyer
299,2023-06-08 13:15:00,166.3,166.35,166.06,166.34,98170,331250,429420,buyer
300,2023-06-08 13:30:00,166.33,166.4,165.89,166.0,166360,449970,616330,buyer
301,2023-06-08 13:45:00,165.99,166.13,165.71,165.82,153670,309930,463600,buyer
302,2023-06-08 14:00:00,165.8,165.99,165.8,165.8,48560,88440,137000,buyer
303,2023-06-08 14:15:00,165.79,165.92,165.77,165.86,48850,96630,145480,buyer
304,2023-06-08 14:30:00,165.83,166.05,165.83,166.01,41120,269550,310670,buyer
305,2023-06-08 14:45:00,166.04,166.05,165.91,166.01,62460,151260,213720,buyer
306,2023-06-08 15:00:00,166.03,166.05,165.5,165.66,167270,323920,491190,buyer
307,2023-06-08 15:15:00,165.67,165.85,165.59,165.84,56170,133580,189750,buyer
308,2023-06-08 15:30:00,165.86,165.93,165.73,165.75,63060,87520,150580,buyer
309,2023-06-08 15:45:00,165.74,165.9,165.7,165.83,56420,135700,192120,buyer
310,2023-06-08 16:00:00,165.83,166.2,165.83,166.13,111220,429340,540560,buyer
311,2023-06-08 16:15:00,166.12,166.28,166.0,166.19,107160,404330,511490,buyer
312,2023-06-08 16:30:00,166.2,166.31,166.01,166.31,107720,455630,563350,buyer
313,2023-06-08 16:45:00,166.31,166.38,166.23,166.36,104020,422640,526660,buyer
314,2023-06-08 17:00:00,166.37,166.4,166.25,166.38,111610,478480,590090,buyer
315,2023-06-08 17:15:00,166.38,166.38,166.25,166.36,94330,265840,360170,buyer
316,2023-06-08 17:30:00,166.36,166.5,166.31,166.5,79870,577070,656940,buyer
317,2023-06-08 17:45:00,166.5,166.6,166.35,166.36,130360,528340,658700,buyer
318,2023-06-08 18:00:00,166.36,166.39,166.13,166.16,135460,136580,272040,buyer
319,2023-06-08 18:15:00,166.16,166.2,166.05,166.17,56630,143420,200050,buyer
320,2023-06-08 18:30:00,166.16,166.23,166.05,166.13,28900,121900,150800,buyer
321,2023-06-08 18:45:00,166.6,166.6,166.6,166.6,0,252790,252790,buyer
322,2023-06-08 19:00:00,166.4,166.4,166.09,166.13,68280,119020,187300,buyer
323,2023-06-08 19:15:00,166.14,166.35,166.13,166.35,10390,41800,52190,buyer
324,2023-06-08 19:30:00,166.35,166.36,166.21,166.24,21460,28590,50050,buyer
325,2023-06-08 19:45:00,166.22,166.3,166.21,166.26,24910,25910,50820,buyer
326,2023-06-08 20:00:00,166.27,166.53,166.24,166.39,20440,197990,218430,buyer
327,2023-06-08 20:15:00,166.4,166.54,166.38,166.54,26430,46500,72930,buyer
328,2023-06-08 20:30:00,166.55,166.57,166.53,166.54,44590,76960,121550,buyer
329,2023-06-08 20:45:00,166.53,166.57,166.39,166.44,78670,101180,179850,buyer
330,2023-06-08 21:00:00,166.4,166.46,166.33,166.43,24290,43340,67630,buyer
331,2023-06-08 21:15:00,166.43,166.44,166.4,166.43,5940,15530,21470,buyer
332,2023-06-08 21:30:00,166.44,166.44,166.28,166.28,27820,47130,74950,buyer
333,2023-06-08 21:45:00,166.28,166.35,166.2,166.27,23700,39640,63340,buyer
334,2023-06-08 22:00:00,166.25,166.28,166.17,166.17,38400,37450,75850,seller
335,2023-06-08 22:15:00,166.2,166.2,165.8,165.87,210950,388310,599260,buyer
336,2023-06-08 22:30:00,165.87,166.03,165.7,166.02,54160,200340,254500,buyer
337,2023-06-08 22:45:00,166.02,166.23,165.96,166.21,39570,63470,103040,buyer
338,2023-06-08 23:00:00,166.21,166.34,166.09,166.13,55910,99140,155050,buyer
339,2023-06-08 23:15:00,166.14,166.27,166.12,166.15,33790,104460,138250,buyer
340,2023-06-08 23:30:00,166.18,166.2,166.03,166.09,22590,41040,63630,buyer
341,2023-06-08 23:45:00,166.04,166.18,166.04,166.18,2690,28540,31230,buyer
342,2023-06-09 09:45:00,166.48,166.48,166.48,166.48,0,48710,48710,buyer
343,2023-06-09 10:00:00,166.46,166.9,166.22,166.56,255140,1276600,1531740,buyer
344,2023-06-09 10:15:00,166.51,167.46,166.5,167.29,300900,1725170,2026070,buyer
345,2023-06-09 10:30:00,167.29,167.81,166.82,167.09,246020,1256940,1502960,buyer
346,2023-06-09 10:45:00,167.09,167.33,167.09,167.15,61280,262510,323790,buyer
347,2023-06-09 11:00:00,167.15,167.16,166.33,166.56,196330,599850,796180,buyer
348,2023-06-09 11:15:00,166.56,166.81,166.07,166.72,135810,640830,776640,buyer
349,2023-06-09 11:30:00,166.71,167.05,166.52,166.91,189940,291330,481270,buyer
350,2023-06-09 11:45:00,166.94,167.1,166.9,167.09,46220,217190,263410,buyer
351,2023-06-09 12:00:00,167.09,167.25,166.99,167.13,59340,136560,195900,buyer
352,2023-06-09 12:15:00,167.12,167.12,166.8,166.9,85700,182910,268610,buyer
353,2023-06-09 12:30:00,166.89,166.9,166.35,166.7,46780,307150,353930,buyer
354,2023-06-09 12:45:00,166.62,166.77,166.54,166.59,23320,97480,120800,buyer
355,2023-06-09 13:00:00,166.59,167.04,166.54,166.94,48640,195770,244410,buyer
356,2023-06-09 13:15:00,166.93,167.15,166.9,167.14,63070,236250,299320,buyer
357,2023-06-09 13:30:00,167.13,167.3,167.09,167.18,50280,341290,391570,buyer
358,2023-06-09 13:45:00,167.18,167.18,167.02,167.08,50390,143050,193440,buyer
359,2023-06-09 14:00:00,167.09,167.25,167.04,167.23,35650,129660,165310,buyer
360,2023-06-09 14:15:00,167.24,167.27,167.0,167.1,84120,273990,358110,buyer
361,2023-06-09 14:30:00,167.1,167.29,167.08,167.22,57910,206100,264010,buyer
362,2023-06-09 14:45:00,167.21,167.24,166.81,166.95,88510,124310,212820,buyer
363,2023-06-09 15:00:00,166.93,167.24,166.83,167.17,42720,125310,168030,buyer
364,2023-06-09 15:15:00,167.17,167.17,166.95,167.1,70990,121300,192290,buyer
365,2023-06-09 15:30:00,167.1,167.24,167.08,167.18,58920,116000,174920,buyer
366,2023-06-09 15:45:00,167.19,167.2,167.03,167.1,46000,150550,196550,buyer
367,2023-06-09 16:00:00,167.09,167.15,167.03,167.11,56850,81450,138300,buyer
368,2023-06-09 16:15:00,167.11,167.13,167.0,167.08,63800,69110,132910,buyer
369,2023-06-09 16:30:00,167.07,167.11,166.88,166.99,84740,126430,211170,buyer
370,2023-06-09 16:45:00,166.99,167.1,165.8,166.28,187110,1379970,1567080,buyer
371,2023-06-09 17:00:00,166.2,166.34,165.74,166.07,168010,638590,806600,buyer
372,2023-06-09 17:15:00,166.09,166.32,166.0,166.2,54590,266330,320920,buyer
373,2023-06-09 17:30:00,166.2,166.23,165.86,166.17,80220,249540,329760,buyer
374,2023-06-09 17:45:00,166.17,166.23,165.83,165.83,77180,435490,512670,buyer
375,2023-06-09 18:00:00,165.82,165.87,165.11,165.65,312900,735710,1048610,buyer
376,2023-06-09 18:15:00,165.54,165.8,165.52,165.57,80090,207520,287610,buyer
377,2023-06-09 18:30:00,165.56,165.65,165.37,165.43,94300,193100,287400,buyer
378,2023-06-09 18:45:00,165.47,165.47,165.47,165.47,0,79650,79650,buyer
379,2023-06-09 19:00:00,165.77,165.77,165.32,165.42,59970,162510,222480,buyer
380,2023-06-09 19:15:00,165.42,165.45,165.33,165.38,76470,110070,186540,buyer
381,2023-06-09 19:30:00,165.42,165.42,164.97,164.97,248550,291740,540290,buyer
382,2023-06-09 19:45:00,164.97,165.21,164.94,165.21,78070,113820,191890,buyer
383,2023-06-09 20:00:00,165.15,165.39,165.15,165.28,55010,90870,145880,buyer
384,2023-06-09 20:15:00,165.25,165.37,165.22,165.22,51880,57130,109010,buyer
385,2023-06-09 20:30:00,165.22,165.3,165.15,165.3,27890,31660,59550,buyer
386,2023-06-09 20:45:00,165.3,165.48,165.27,165.47,17570,81850,99420,buyer
387,2023-06-09 21:00:00,165.47,165.68,165.4,165.65,21760,219080,240840,buyer
388,2023-06-09 21:15:00,165.64,165.65,165.55,165.65,26220,71660,97880,buyer
389,2023-06-09 21:30:00,165.65,166.1,165.63,165.94,32080,235280,267360,buyer
390,2023-06-09 21:45:00,165.95,165.96,165.75,165.87,44820,60620,105440,buyer
391,2023-06-09 22:00:00,165.87,165.9,165.37,165.46,92890,104590,197480,buyer
392,2023-06-09 22:15:00,165.41,165.8,165.15,165.65,96360,353570,449930,buyer
393,2023-06-09 22:30:00,165.65,165.65,165.36,165.53,28940,56920,85860,buyer
394,2023-06-09 22:45:00,165.53,165.62,165.53,165.6,16610,25790,42400,buyer
395,2023-06-09 23:00:00,165.6,165.84,165.6,165.6,33960,93300,127260,buyer
396,2023-06-09 23:15:00,165.59,165.76,165.56,165.7,23910,59970,83880,buyer
397,2023-06-09 23:30:00,165.7,165.75,165.52,165.54,64350,96850,161200,buyer
398,2023-06-09 23:45:00,165.52,165.59,165.51,165.58,23990,28900,52890,buyer
399,2023-06-13 09:45:00,165.62,165.62,165.62,165.62,0,146530,146530,buyer
400,2023-06-13 10:00:00,165.65,166.62,165.65,166.29,277900,1429020,1706920,buyer
401,2023-06-13 10:15:00,166.27,166.48,166.0,166.37,176560,710220,886780,buyer
402,2023-06-13 10:30:00,166.37,167.1,166.37,166.92,270170,777290,1047460,buyer
403,2023-06-13 10:45:00,166.9,167.0,166.6,166.75,213470,263340,476810,buyer
404,2023-06-13 11:00:00,166.75,167.25,166.74,167.25,166890,678200,845090,buyer
405,2023-06-13 11:15:00,167.23,167.3,166.71,166.91,153380,549790,703170,buyer
406,2023-06-13 11:30:00,166.9,167.05,166.8,166.83,68050,179840,247890,buyer
407,2023-06-13 11:45:00,166.87,167.09,166.77,167.09,65430,314480,379910,buyer
408,2023-06-13 12:00:00,167.08,167.2,166.67,166.71,131710,491990,623700,buyer
409,2023-06-13 12:15:00,166.72,167.0,166.68,166.76,82130,273500,355630,buyer
410,2023-06-13 12:30:00,166.76,166.95,166.66,166.83,51140,216000,267140,buyer
411,2023-06-13 12:45:00,166.85,166.85,166.61,166.68,80810,239370,320180,buyer
412,2023-06-13 13:00:00,166.68,166.85,166.67,166.85,66300,219590,285890,buyer
413,2023-06-13 13:15:00,166.84,166.92,166.5,166.59,123700,227350,351050,buyer
414,2023-06-13 13:30:00,166.58,166.9,166.38,166.8,78620,335440,414060,buyer
415,2023-06-13 13:45:00,166.8,166.95,166.75,166.89,68510,231100,299610,buyer
416,2023-06-13 14:00:00,166.88,167.0,166.75,166.99,76410,350090,426500,buyer
417,2023-06-13 14:15:00,166.99,167.06,166.91,167.0,122550,396760,519310,buyer
418,2023-06-13 14:30:00,167.0,167.5,166.92,167.5,86870,974560,1061430,buyer
419,2023-06-13 14:45:00,167.5,167.53,167.01,167.1,218770,578650,797420,buyer
420,2023-06-13 15:00:00,167.1,167.45,167.09,167.3,64870,296270,361140,buyer
421,2023-06-13 15:15:00,167.3,167.49,167.29,167.48,84510,291870,376380,buyer
422,2023-06-13 15:30:00,167.48,167.72,167.45,167.71,109550,467110,576660,buyer
423,2023-06-13 15:45:00,167.7,167.84,167.62,167.83,102240,393210,495450,buyer
424,2023-06-13 16:00:00,167.83,167.84,167.47,167.7,140570,460360,600930,buyer
425,2023-06-13 16:15:00,167.7,167.88,167.68,167.87,74020,458280,532300,buyer
426,2023-06-13 16:30:00,167.87,168.0,167.8,167.93,171150,828880,1000030,buyer
427,2023-06-13 16:45:00,167.94,167.95,167.56,167.73,102650,349680,452330,buyer
428,2023-06-13 17:00:00,167.72,167.75,167.33,167.43,91160,187500,278660,buyer
429,2023-06-13 17:15:00,167.37,167.45,167.2,167.39,142760,313170,455930,buyer
430,2023-06-13 17:30:00,167.39,167.45,167.28,167.42,43470,152560,196030,buyer
431,2023-06-13 17:45:00,167.42,167.43,167.16,167.29,61900,142790,204690,buyer
432,2023-06-13 18:00:00,167.29,167.66,167.26,167.58,78960,188020,266980,buyer
433,2023-06-13 18:15:00,167.57,167.78,167.53,167.78,39390,124530,163920,buyer
434,2023-06-13 18:30:00,167.75,167.95,167.71,167.93,100650,221350,322000,buyer
435,2023-06-13 18:45:00,168.0,168.0,168.0,168.0,0,348660,348660,buyer
436,2023-06-13 19:00:00,168.0,168.4,167.85,168.33,113230,380930,494160,buyer
437,2023-06-13 19:15:00,168.33,168.33,167.61,167.87,144040,350910,494950,buyer
438,2023-06-13 19:30:00,167.86,167.86,167.68,167.85,74310,135240,209550,buyer
439,2023-06-13 19:45:00,167.84,167.95,167.8,167.9,42870,122340,165210,buyer
440,2023-06-13 20:00:00,167.9,167.94,167.87,167.92,26240,22050,48290,seller
441,2023-06-13 20:15:00,167.91,167.92,167.7,167.75,74610,92400,167010,buyer
442,2023-06-13 20:30:00,167.74,167.85,167.7,167.85,57120,67760,124880,buyer
443,2023-06-13 20:45:00,167.85,167.91,167.81,167.81,39030,54610,93640,buyer
444,2023-06-13 21:00:00,167.81,167.92,167.79,167.91,24080,45540,69620,buyer
445,2023-06-13 21:15:00,167.91,167.95,167.88,167.94,26780,50300,77080,buyer
446,2023-06-13 21:30:00,167.94,167.95,167.92,167.95,27630,71350,98980,buyer
447,2023-06-13 21:45:00,167.95,168.15,167.94,168.15,21540,215260,236800,buyer
448,2023-06-13 22:00:00,168.15,168.29,168.09,168.19,44240,254240,298480,buyer
449,2023-06-13 22:15:00,168.18,168.28,168.02,168.13,62010,123240,185250,buyer
450,2023-06-13 22:30:00,168.13,168.21,168.0,168.11,33530,141640,175170,buyer
451,2023-06-13 22:45:00,168.11,168.27,168.04,168.22,56870,124210,181080,buyer
452,2023-06-13 23:00:00,168.22,168.48,168.15,168.27,150080,494660,644740,buyer
453,2023-06-13 23:15:00,168.27,168.54,168.27,168.46,60260,332910,393170,buyer
454,2023-06-13 23:30:00,168.46,168.52,168.38,168.48,65920,235700,301620,buyer
455,2023-06-13 23:45:00,168.48,168.5,168.42,168.43,27910,41780,69690,buyer
456,2023-06-14 09:45:00,168.63,168.63,168.63,168.63,0,79340,79340,buyer
457,2023-06-14 10:00:00,168.63,169.38,168.63,168.81,587480,1536430,2123910,buyer
458,2023-06-14 10:15:00,168.8,169.04,168.57,168.98,261680,673490,935170,buyer
459,2023-06-14 10:30:00,168.96,169.1,168.6,168.8,277960,741940,1019900,buyer
460,2023-06-14 10:45:00,168.8,169.0,168.44,168.47,333700,584760,918460,buyer
461,2023-06-14 11:00:00,168.48,168.88,168.43,168.76,161950,429700,591650,buyer
462,2023-06-14 11:15:00,168.7,168.99,168.6,168.69,155970,463160,619130,buyer
463,2023-06-14 11:30:00,168.7,168.7,167.6,167.94,389740,1056300,1446040,buyer
464,2023-06-14 11:45:00,167.98,168.0,167.78,167.84,97480,287320,384800,buyer
465,2023-06-14 12:00:00,167.84,167.92,167.3,167.85,181650,512090,693740,buyer
466,2023-06-14 12:15:00,167.83,168.12,167.7,168.05,83620,268150,351770,buyer
467,2023-06-14 12:30:00,168.01,168.01,167.9,167.94,91240,110460,201700,buyer
468,2023-06-14 12:45:00,167.94,167.97,167.5,167.8,112260,244250,356510,buyer
469,2023-06-14 13:00:00,167.81,167.81,167.01,167.19,394110,558200,952310,buyer
470,2023-06-14 13:15:00,167.19,167.6,167.08,167.42,96010,317780,413790,buyer
471,2023-06-14 13:30:00,167.42,167.6,167.11,167.29,114070,238940,353010,buyer
472,2023-06-14 13:45:00,167.29,167.55,167.16,167.41,85870,254030,339900,buyer
473,2023-06-14 14:00:00,167.41,167.65,167.41,167.57,142280,188190,330470,buyer
474,2023-06-14 14:15:00,167.57,167.67,167.53,167.65,73820,203430,277250,buyer
475,2023-06-14 14:30:00,167.67,167.8,167.57,167.59,107730,207340,315070,buyer
476,2023-06-14 14:45:00,167.57,167.58,167.21,167.41,97290,345080,442370,buyer
477,2023-06-14 15:00:00,167.41,167.57,167.26,167.56,54870,137440,192310,buyer
478,2023-06-14 15:15:00,167.52,167.6,167.32,167.6,55480,173780,229260,buyer
479,2023-06-14 15:30:00,167.59,167.81,167.59,167.75,72860,195030,267890,buyer
480,2023-06-14 15:45:00,167.7,167.81,167.66,167.77,51380,115320,166700,buyer
481,2023-06-14 16:00:00,167.71,167.89,167.46,167.89,68480,368580,437060,buyer
482,2023-06-14 16:15:00,167.89,168.0,167.86,167.9,107520,340860,448380,buyer
483,2023-06-14 16:30:00,167.9,167.98,167.88,167.94,89170,111130,200300,buyer
484,2023-06-14 16:45:00,167.93,167.94,167.7,167.74,81400,119770,201170,buyer
485,2023-06-14 17:00:00,167.74,167.89,167.72,167.89,55120,176150,231270,buyer
486,2023-06-14 17:15:00,167.89,167.89,167.71,167.83,48630,87660,136290,buyer
487,2023-06-14 17:30:00,167.79,167.87,167.55,167.74,74530,195290,269820,buyer
488,2023-06-14 17:45:00,167.74,167.89,167.74,167.88,48490,125140,173630,buyer
489,2023-06-14 18:00:00,167.85,167.95,167.85,167.87,46730,127300,174030,buyer
490,2023-06-14 18:15:00,167.86,167.95,167.83,167.85,36560,88300,124860,buyer
491,2023-06-14 18:30:00,167.86,167.95,167.75,167.81,35260,113340,148600,buyer
492,2023-06-14 18:45:00,167.5,167.5,167.5,167.5,153570,0,153570,seller
493,2023-06-14 19:00:00,167.84,168.14,167.5,167.65,68850,159370,228220,buyer
494,2023-06-14 19:15:00,167.63,167.7,167.6,167.64,59580,115310,174890,buyer
495,2023-06-14 19:30:00,167.66,167.69,167.53,167.59,62230,98880,161110,buyer
496,2023-06-14 19:45:00,167.6,167.64,167.43,167.48,35530,53360,88890,buyer
497,2023-06-14 20:00:00,167.47,167.85,167.47,167.83,12090,125610,137700,buyer
498,2023-06-14 20:15:00,167.74,167.92,167.73,167.86,20840,73460,94300,buyer
499,2023-06-14 20:30:00,167.85,167.85,167.7,167.72,26740,34840,61580,buyer
500,2023-06-14 20:45:00,167.72,167.94,167.71,167.93,15200,50770,65970,buyer
501,2023-06-14 21:00:00,167.93,167.93,167.83,167.86,12930,15980,28910,buyer
502,2023-06-14 21:15:00,167.86,167.86,167.81,167.85,35650,17870,53520,seller
503,2023-06-14 21:30:00,167.85,167.85,167.73,167.73,34300,51650,85950,buyer
504,2023-06-14 21:45:00,167.74,167.85,167.7,167.8,27770,38050,65820,buyer
505,2023-06-14 22:00:00,167.81,167.88,167.8,167.84,30710,67790,98500,buyer
506,2023-06-14 22:15:00,167.82,167.96,167.82,167.9,19740,92570,112310,buyer
507,2023-06-14 22:30:00,167.9,167.97,167.8,167.85,18220,53590,71810,buyer
508,2023-06-14 22:45:00,167.85,167.89,167.8,167.85,17150,27680,44830,buyer
509,2023-06-14 23:00:00,167.88,167.88,167.81,167.86,30700,20770,51470,seller
510,2023-06-14 23:15:00,167.88,168.1,167.88,168.0,40930,217920,258850,buyer
511,2023-06-14 23:30:00,167.98,168.02,167.82,167.93,26820,86980,113800,buyer
512,2023-06-14 23:45:00,167.88,168.0,167.82,167.88,15770,57170,72940,buyer
513,2023-06-15 09:45:00,168.0,168.0,168.0,168.0,0,17170,17170,buyer
514,2023-06-15 10:00:00,168.04,168.39,166.67,167.18,357630,1235830,1593460,buyer
515,2023-06-15 10:15:00,167.18,167.34,167.01,167.27,148620,434940,583560,buyer
516,2023-06-15 10:30:00,167.26,167.3,167.03,167.08,156500,509240,665740,buyer
517,2023-06-15 10:45:00,167.08,167.2,167.03,167.2,103840,466760,570600,buyer
518,2023-06-15 11:00:00,167.14,167.25,167.1,167.22,119300,347860,467160,buyer
519,2023-06-15 11:15:00,167.22,167.25,167.05,167.2,159740,327270,487010,buyer
520,2023-06-15 11:30:00,167.17,167.19,167.0,167.01,141970,175100,317070,buyer
521,2023-06-15 11:45:00,167.01,167.07,166.66,167.03,139540,818950,958490,buyer
522,2023-06-15 12:00:00,167.0,167.2,166.98,167.14,47980,344680,392660,buyer
523,2023-06-15 12:15:00,167.14,167.2,167.01,167.08,97490,214420,311910,buyer
524,2023-06-15 12:30:00,167.08,167.15,167.01,167.14,50580,258850,309430,buyer
525,2023-06-15 12:45:00,167.14,167.2,167.07,167.13,63440,226570,290010,buyer
526,2023-06-15 13:00:00,167.13,167.6,167.12,167.58,70740,761940,832680,buyer
527,2023-06-15 13:15:00,167.58,167.69,167.42,167.56,114220,341980,456200,buyer
528,2023-06-15 13:30:00,167.57,167.82,167.54,167.69,129500,532390,661890,buyer
529,2023-06-15 13:45:00,167.67,167.74,167.51,167.57,82940,285550,368490,buyer
530,2023-06-15 14:00:00,167.6,167.7,167.44,167.63,56620,204240,260860,buyer
531,2023-06-15 14:15:00,167.61,167.75,167.5,167.75,107920,257420,365340,buyer
532,2023-06-15 14:30:00,167.75,168.06,167.69,168.0,112350,886110,998460,buyer
533,2023-06-15 14:45:00,168.0,169.16,168.0,169.16,335380,2449580,2784960,buyer
534,2023-06-15 15:00:00,169.15,170.35,169.15,169.9,838790,5087660,5926450,buyer
535,2023-06-15 15:15:00,169.89,170.87,169.89,170.52,599580,2880780,3480360,buyer
536,2023-06-15 15:30:00,170.5,171.31,170.12,171.0,659930,3162070,3822000,buyer
537,2023-06-15 15:45:00,170.99,171.8,170.98,171.47,595350,3352380,3947730,buyer
538,2023-06-15 16:00:00,171.47,171.5,170.54,170.64,831430,2396990,3228420,buyer
539,2023-06-15 16:15:00,170.66,171.2,170.59,170.81,312640,1101950,1414590,buyer
540,2023-06-15 16:30:00,170.81,171.2,170.76,170.81,235280,569140,804420,buyer
541,2023-06-15 16:45:00,170.82,170.98,170.7,170.97,108720,240060,348780,buyer
542,2023-06-15 17:00:00,170.95,171.38,170.95,171.35,79460,678550,758010,buyer
543,2023-06-15 17:15:00,171.33,171.39,171.0,171.08,209440,468890,678330,buyer
544,2023-06-15 17:30:00,171.1,171.31,171.0,171.1,115200,322510,437710,buyer
545,2023-06-15 17:45:00,171.1,171.16,170.8,170.99,142040,301370,443410,buyer
546,2023-06-15 18:00:00,170.98,171.1,170.8,170.89,114100,297770,411870,buyer
547,2023-06-15 18:15:00,170.84,170.95,170.65,170.67,176630,241370,418000,buyer
548,2023-06-15 18:30:00,170.67,170.86,170.65,170.74,79060,198900,277960,buyer
549,2023-06-15 18:45:00,171.0,171.0,171.0,171.0,0,217020,217020,buyer
550,2023-06-15 19:00:00,170.99,170.99,170.2,170.49,121620,368540,490160,buyer
551,2023-06-15 19:15:00,170.51,170.97,170.45,170.83,78230,257700,335930,buyer
552,2023-06-15 19:30:00,170.81,170.85,170.5,170.5,91840,100590,192430,buyer
553,2023-06-15 19:45:00,170.54,170.7,170.5,170.7,69080,105060,174140,buyer
554,2023-06-15 20:00:00,170.69,170.72,170.62,170.7,41220,46310,87530,buyer
555,2023-06-15 20:15:00,170.69,171.0,170.69,170.85,39840,214640,254480,buyer
556,2023-06-15 20:30:00,170.88,171.0,170.82,170.88,23360,130410,153770,buyer
557,2023-06-15 20:45:00,170.87,171.0,170.84,170.94,39480,59080,98560,buyer
558,2023-06-15 21:00:00,170.91,170.96,170.9,170.95,39470,56740,96210,buyer
559,2023-06-15 21:15:00,170.94,171.06,170.83,171.05,25850,147050,172900,buyer
560,2023-06-15 21:30:00,171.05,171.62,171.02,171.49,100620,446890,547510,buyer
561,2023-06-15 21:45:00,171.49,171.5,171.2,171.25,56090,137270,193360,buyer
562,2023-06-15 22:00:00,171.25,171.5,171.1,171.48,86890,115460,202350,buyer
563,2023-06-15 22:15:00,171.48,171.5,171.23,171.28,77840,82810,160650,buyer
564,2023-06-15 22:30:00,171.28,171.38,171.25,171.38,37650,80580,118230,buyer
565,2023-06-15 22:45:00,171.38,171.44,171.3,171.37,30260,71490,101750,buyer
566,2023-06-15 23:00:00,171.36,171.5,171.27,171.41,51980,137770,189750,buyer
567,2023-06-15 23:15:00,171.41,171.7,171.4,171.59,61840,210690,272530,buyer
568,2023-06-15 23:30:00,171.58,171.97,171.55,171.97,63620,595280,658900,buyer
569,2023-06-15 23:45:00,171.97,172.0,171.83,171.86,36880,269170,306050,buyer
570,2023-06-16 09:45:00,171.85,171.85,171.85,171.85,89790,0,89790,seller
571,2023-06-16 10:00:00,171.85,172.46,170.63,171.04,621940,1843000,2464940,buyer
572,2023-06-16 10:15:00,171.03,171.38,170.4,170.66,340600,1117150,1457750,buyer
573,2023-06-16 10:30:00,170.66,170.76,170.01,170.09,475550,1062830,1538380,buyer
574,2023-06-16 10:45:00,170.07,170.79,170.03,170.39,154790,642210,797000,buyer
575,2023-06-16 11:00:00,170.37,170.54,170.07,170.5,161030,609460,770490,buyer
576,2023-06-16 11:15:00,170.53,171.09,170.46,171.05,119160,450410,569570,buyer
577,2023-06-16 11:30:00,171.01,171.29,170.54,170.65,109300,471720,581020,buyer
578,2023-06-16 11:45:00,170.64,170.83,170.52,170.61,103340,141170,244510,buyer
579,2023-06-16 12:00:00,170.56,171.0,170.55,170.8,61940,179350,241290,buyer
580,2023-06-16 12:15:00,170.77,170.81,170.5,170.57,111590,175930,287520,buyer
581,2023-06-16 12:30:00,170.53,170.58,170.1,170.17,243540,359500,603040,buyer
582,2023-06-16 12:45:00,170.17,170.22,169.8,169.82,530090,642440,1172530,buyer
583,2023-06-16 13:00:00,169.81,170.04,169.64,169.92,173200,489150,662350,buyer
584,2023-06-16 13:15:00,169.9,170.06,169.89,170.06,141550,271880,413430,buyer
585,2023-06-16 13:30:00,170.04,170.3,170.02,170.18,89530,394620,484150,buyer
586,2023-06-16 13:45:00,170.18,170.39,170.05,170.39,144120,198620,342740,buyer
587,2023-06-16 14:00:00,170.33,170.59,170.1,170.11,183600,189280,372880,buyer
588,2023-06-16 14:15:00,170.11,170.25,170.1,170.17,50040,74610,124650,buyer
589,2023-06-16 14:30:00,170.17,170.58,170.15,170.44,108650,389480,498130,buyer
590,2023-06-16 14:45:00,170.45,170.57,170.36,170.43,67940,89330,157270,buyer
591,2023-06-16 15:00:00,170.4,170.66,170.25,170.58,74800,321490,396290,buyer
592,2023-06-16 15:15:00,170.56,170.56,170.15,170.17,76530,173130,249660,buyer
593,2023-06-16 15:30:00,170.17,170.25,170.06,170.06,127510,165830,293340,buyer
594,2023-06-16 15:45:00,170.03,170.18,169.9,169.96,302870,206790,509660,seller
595,2023-06-16 16:00:00,169.93,170.49,169.71,170.45,163710,503470,667180,buyer
596,2023-06-16 16:15:00,170.39,170.5,169.84,170.08,120460,295650,416110,buyer
597,2023-06-16 16:30:00,170.04,170.06,169.86,169.96,69020,108290,177310,buyer
598,2023-06-16 16:45:00,169.97,170.07,169.59,169.69,152590,403600,556190,buyer
599,2023-06-16 17:00:00,169.67,169.77,169.22,169.48,412140,1118260,1530400,buyer
600,2023-06-16 17:15:00,169.43,169.77,169.28,169.7,80680,489610,570290,buyer
601,2023-06-16 17:30:00,169.71,169.84,169.63,169.82,29830,118060,147890,buyer
602,2023-06-16 17:45:00,169.82,169.82,169.58,169.65,67030,170370,237400,buyer
603,2023-06-16 18:00:00,169.65,170.13,169.52,170.05,52470,377870,430340,buyer
604,2023-06-16 18:15:00,170.04,170.2,169.86,170.08,88000,306010,394010,buyer
605,2023-06-16 18:30:00,170.11,170.13,169.9,169.91,38190,64130,102320,buyer
606,2023-06-16 18:45:00,170.48,170.48,170.48,170.48,0,570460,570460,buyer
607,2023-06-16 19:00:00,170.31,171.0,170.12,170.31,108650,440950,549600,buyer
608,2023-06-16 19:15:00,170.33,170.56,170.21,170.38,68380,262750,331130,buyer
609,2023-06-16 19:30:00,170.37,170.39,170.0,170.04,91750,213160,304910,buyer
610,2023-06-16 19:45:00,170.0,170.31,170.0,170.1,17760,58470,76230,buyer
611,2023-06-16 20:00:00,170.08,170.19,169.97,170.08,56160,108160,164320,buyer
612,2023-06-16 20:15:00,170.09,170.09,169.92,170.04,74780,91050,165830,buyer
613,2023-06-16 20:30:00,170.02,170.02,169.5,169.69,86680,378900,465580,buyer
614,2023-06-16 20:45:00,169.68,169.83,169.5,169.83,65650,177270,242920,buyer
615,2023-06-16 21:00:00,169.83,169.9,169.67,169.9,25540,101260,126800,buyer
616,2023-06-16 21:15:00,169.9,170.2,169.9,170.09,20340,149540,169880,buyer
617,2023-06-16 21:30:00,170.09,170.19,170.08,170.14,21700,50250,71950,buyer
618,2023-06-16 21:45:00,170.1,170.13,169.92,169.93,47640,26180,73820,seller
619,2023-06-16 22:00:00,169.92,170.09,169.82,169.93,23480,125730,149210,buyer
620,2023-06-16 22:15:00,169.94,169.98,169.7,169.88,46030,83400,129430,buyer
621,2023-06-16 22:30:00,169.86,169.9,169.23,169.6,118800,538400,657200,buyer
622,2023-06-16 22:45:00,169.64,169.82,169.59,169.77,23120,70450,93570,buyer
623,2023-06-16 23:00:00,169.77,169.83,169.75,169.82,13690,28000,41690,buyer
624,2023-06-16 23:15:00,169.8,169.92,169.66,169.76,58650,94600,153250,buyer
625,2023-06-16 23:30:00,169.77,169.85,169.71,169.82,62470,99420,161890,buyer
626,2023-06-16 23:45:00,169.8,169.93,169.75,169.87,15160,87460,102620,buyer
627,2023-06-19 09:45:00,170.48,170.48,170.48,170.48,0,98710,98710,buyer
628,2023-06-19 10:00:00,170.14,170.49,168.3,169.17,615420,2490380,3105800,buyer
629,2023-06-19 10:15:00,169.15,169.35,168.8,169.05,259910,827260,1087170,buyer
630,2023-06-19 10:30:00,169.01,169.42,168.51,168.58,544830,940160,1484990,buyer
631,2023-06-19 10:45:00,168.55,169.35,168.41,168.99,246320,678060,924380,buyer
632,2023-06-19 11:00:00,168.98,169.31,168.84,168.98,126020,267790,393810,buyer
633,2023-06-19 11:15:00,168.98,169.16,168.95,169.13,94180,187890,282070,buyer
634,2023-06-19 11:30:00,169.13,169.3,169.12,169.29,57170,156820,213990,buyer
635,2023-06-19 11:45:00,169.3,169.3,169.06,169.25,52010,144990,197000,buyer
636,2023-06-19 12:00:00,169.25,169.25,168.75,168.76,209880,190630,400510,seller
637,2023-06-19 12:15:00,168.75,169.12,168.52,168.94,157990,488770,646760,buyer
638,2023-06-19 12:30:00,168.92,169.79,168.91,169.74,74220,735730,809950,buyer
639,2023-06-19 12:45:00,169.74,169.83,169.43,169.5,98290,393330,491620,buyer
640,2023-06-19 13:00:00,169.5,171.0,169.47,170.88,126040,1071760,1197800,buyer
641,2023-06-19 13:15:00,170.8,171.5,170.53,170.95,255750,1250390,1506140,buyer
642,2023-06-19 13:30:00,170.95,171.3,170.48,170.77,162730,794380,957110,buyer
643,2023-06-19 13:45:00,170.74,171.22,170.73,170.76,73980,391130,465110,buyer
644,2023-06-19 14:00:00,170.79,170.88,170.41,170.69,112660,201060,313720,buyer
645,2023-06-19 14:15:00,170.69,170.71,170.36,170.6,92260,346180,438440,buyer
646,2023-06-19 14:30:00,170.58,170.68,170.5,170.52,72830,140050,212880,buyer
647,2023-06-19 14:45:00,170.51,170.79,170.44,170.69,98290,223080,321370,buyer
648,2023-06-19 15:00:00,170.69,170.86,170.43,170.55,156940,236820,393760,buyer
649,2023-06-19 15:15:00,170.5,170.64,170.28,170.28,206590,224630,431220,buyer
650,2023-06-19 15:30:00,170.29,170.64,170.06,170.35,132470,321100,453570,buyer
651,2023-06-19 15:45:00,170.37,170.4,170.2,170.39,69430,136210,205640,buyer
652,2023-06-19 16:00:00,170.4,170.55,170.21,170.49,106500,231980,338480,buyer
653,2023-06-19 16:15:00,170.48,170.49,170.11,170.21,121210,102310,223520,seller
654,2023-06-19 16:30:00,170.21,170.41,170.21,170.29,68010,337360,405370,buyer
655,2023-06-19 16:45:00,170.3,170.5,170.1,170.13,66630,146270,212900,buyer
656,2023-06-19 17:00:00,170.13,170.31,170.11,170.25,43580,138840,182420,buyer
657,2023-06-19 17:15:00,170.26,170.31,170.17,170.31,59030,117920,176950,buyer
658,2023-06-19 17:30:00,170.31,170.31,170.1,170.21,59050,115010,174060,buyer
659,2023-06-19 17:45:00,170.2,170.31,169.67,169.78,363770,372560,736330,buyer
660,2023-06-19 18:00:00,169.79,169.89,169.0,169.71,111950,1141880,1253830,buyer
661,2023-06-19 18:15:00,169.73,170.08,169.7,170.05,166810,174020,340830,buyer
662,2023-06-19 18:30:00,170.04,170.08,169.9,169.97,103930,103410,207340,seller
663,2023-06-19 18:45:00,170.65,170.65,170.65,170.65,0,623750,623750,buyer
664,2023-06-19 19:00:00,170.34,170.45,170.2,170.42,104060,158370,262430,buyer
665,2023-06-19 19:15:00,170.41,170.49,170.31,170.35,74700,93140,167840,buyer
666,2023-06-19 19:30:00,170.34,170.57,170.31,170.33,79790,125190,204980,buyer
667,2023-06-19 19:45:00,170.33,170.33,170.15,170.17,129470,45090,174560,seller
668,2023-06-19 20:00:00,170.16,170.17,170.01,170.1,30240,51670,81910,buyer
669,2023-06-19 20:15:00,170.1,170.14,170.02,170.1,21270,20890,42160,seller
670,2023-06-19 20:30:00,170.1,170.1,170.03,170.06,18330,26510,44840,buyer
671,2023-06-19 20:45:00,170.08,170.09,170.03,170.09,19180,34390,53570,buyer
672,2023-06-19 21:00:00,170.09,170.35,170.09,170.27,10080,43520,53600,buyer
673,2023-06-19 21:15:00,170.29,170.33,170.2,170.2,8440,18010,26450,buyer
674,2023-06-19 21:30:00,170.2,170.27,170.15,170.23,19700,76070,95770,buyer
675,2023-06-19 21:45:00,170.22,170.23,170.08,170.1,9390,14350,23740,buyer
676,2023-06-19 22:00:00,170.1,170.18,170.05,170.15,15210,19520,34730,buyer
677,2023-06-19 22:15:00,170.15,170.2,170.12,170.19,9380,19400,28780,buyer
678,2023-06-19 22:30:00,170.17,170.2,170.15,170.2,12130,38880,51010,buyer
679,2023-06-19 22:45:00,170.2,170.27,170.18,170.21,9000,28520,37520,buyer
680,2023-06-19 23:00:00,170.21,170.23,170.17,170.19,12520,28350,40870,buyer
681,2023-06-19 23:15:00,170.22,170.24,170.17,170.2,37320,20830,58150,seller
682,2023-06-19 23:30:00,170.21,170.27,170.16,170.24,28180,63410,91590,buyer
683,2023-06-19 23:45:00,170.23,170.24,170.16,170.19,36440,4680,41120,seller
684,2023-06-20 09:45:00,170.08,170.08,170.08,170.08,15920,0,15920,seller
685,2023-06-20 10:00:00,170.06,170.19,169.7,169.92,289810,481820,771630,buyer
686,2023-06-20 10:15:00,169.9,170.59,169.8,170.49,127100,549130,676230,buyer
687,2023-06-20 10:30:00,170.49,170.97,170.38,170.38,144860,622150,767010,buyer
688,2023-06-20 10:45:00,170.4,170.56,169.7,169.72,411820,793170,1204990,buyer
689,2023-06-20 11:00:00,169.71,170.11,168.81,169.85,356690,1606970,1963660,buyer
690,2023-06-20 11:15:00,169.86,170.08,169.61,169.79,143410,342760,486170,buyer
691,2023-06-20 11:30:00,169.78,170.23,169.76,170.0,45920,327320,373240,buyer
692,2023-06-20 11:45:00,169.99,170.08,169.77,169.82,59110,138700,197810,buyer
693,2023-06-20 12:00:00,169.8,170.4,169.8,170.3,62490,339630,402120,buyer
694,2023-06-20 12:15:00,170.3,170.33,169.71,169.85,92480,299860,392340,buyer
695,2023-06-20 12:30:00,169.84,169.94,169.73,169.88,37950,97370,135320,buyer
696,2023-06-20 12:45:00,169.91,169.98,169.3,169.42,183370,400900,584270,buyer
697,2023-06-20 13:00:00,169.37,169.88,169.33,169.75,35070,137410,172480,buyer
698,2023-06-20 13:15:00,169.73,169.96,169.5,169.93,96480,272160,368640,buyer
699,2023-06-20 13:30:00,169.93,170.18,169.9,170.03,66560,154940,221500,buyer
700,2023-06-20 13:45:00,170.03,170.18,169.83,170.01,73770,144830,218600,buyer
701,2023-06-20 14:00:00,170.02,170.1,169.83,170.1,25820,92820,118640,buyer
702,2023-06-20 14:15:00,170.09,170.23,170.04,170.17,115340,109420,224760,seller
703,2023-06-20 14:30:00,170.18,170.8,170.17,170.7,101290,504060,605350,buyer
704,2023-06-20 14:45:00,170.7,170.75,170.32,170.59,67590,261780,329370,buyer
705,2023-06-20 15:00:00,170.62,170.75,170.42,170.48,62700,298450,361150,buyer
706,2023-06-20 15:15:00,170.48,170.59,170.15,170.2,83290,126750,210040,buyer
707,2023-06-20 15:30:00,170.2,170.5,169.9,170.15,128840,256340,385180,buyer
708,2023-06-20 15:45:00,170.15,170.15,169.63,169.73,140080,356300,496380,buyer
709,2023-06-20 16:00:00,169.73,169.8,168.42,169.19,697370,1197060,1894430,buyer
710,2023-06-20 16:15:00,169.2,169.49,168.8,169.39,119590,373230,492820,buyer
711,2023-06-20 16:30:00,169.4,169.87,169.34,169.73,136760,387040,523800,buyer
712,2023-06-20 16:45:00,169.72,170.23,169.7,169.9,89160,481480,570640,buyer
713,2023-06-20 17:00:00,169.88,169.9,169.73,169.85,53820,133100,186920,buyer
714,2023-06-20 17:15:00,169.81,169.88,169.5,169.7,81310,223270,304580,buyer
715,2023-06-20 17:30:00,169.69,169.9,169.63,169.89,43620,200350,243970,buyer
716,2023-06-20 17:45:00,169.89,169.99,169.75,169.89,53750,220200,273950,buyer
717,2023-06-20 18:00:00,169.89,170.0,169.51,169.9,61470,347200,408670,buyer
718,2023-06-20 18:15:00,169.92,169.94,169.72,169.79,28620,60280,88900,buyer
719,2023-06-20 18:30:00,169.78,170.06,169.77,170.01,147360,179870,327230,buyer
720,2023-06-20 18:45:00,169.65,169.65,169.65,169.65,217880,0,217880,seller
721,2023-06-20 19:00:00,169.95,169.95,169.83,169.93,10420,39830,50250,buyer
722,2023-06-20 19:15:00,169.93,169.94,169.84,169.85,18710,31000,49710,buyer
723,2023-06-20 19:30:00,169.83,169.85,169.68,169.75,42020,33290,75310,seller
724,2023-06-20 19:45:00,169.75,169.75,169.54,169.57,29270,81650,110920,buyer
725,2023-06-20 20:00:00,169.56,169.77,169.54,169.71,11470,52450,63920,buyer
726,2023-06-20 20:15:00,169.71,169.75,169.61,169.65,12080,16500,28580,buyer
727,2023-06-20 20:30:00,169.65,169.73,169.61,169.73,10830,9660,20490,seller
728,2023-06-20 20:45:00,169.72,169.75,169.66,169.75,12150,22330,34480,buyer
729,2023-06-20 21:00:00,169.74,169.84,169.74,169.79,16140,34660,50800,buyer
730,2023-06-20 21:15:00,169.81,169.81,169.74,169.75,18340,14190,32530,seller
731,2023-06-20 21:30:00,169.75,169.88,169.74,169.8,4440,43360,47800,buyer
732,2023-06-20 21:45:00,169.81,169.82,169.76,169.81,10580,16570,27150,buyer
733,2023-06-20 22:00:00,169.8,169.87,169.74,169.77,14990,39090,54080,buyer
734,2023-06-20 22:15:00,169.78,169.94,169.77,169.92,29690,76140,105830,buyer
735,2023-06-20 22:30:00,169.92,169.92,169.77,169.78,19550,23180,42730,buyer
736,2023-06-20 22:45:00,169.83,169.86,169.64,169.69,12870,52760,65630,buyer
737,2023-06-20 23:00:00,169.69,169.82,169.56,169.7,22500,103190,125690,buyer
738,2023-06-20 23:15:00,169.65,169.73,169.57,169.7,23220,35060,58280,buyer
739,2023-06-20 23:30:00,169.7,169.76,169.61,169.66,19710,46110,65820,buyer
740,2023-06-20 23:45:00,169.66,169.71,169.57,169.64,7110,60950,68060,buyer
